0,"((7000,), 'Unconcious Ruca')"
1,"((7001,), 'Unconcious Illia')"
2,"((7002,), 'Unconcious Spada')"
3,"((7003,), 'Unconscious Ange')"
4,"((7004,), 'Unconcious Ricardo')"
5,"((7005,), 'Unconcious Hermana')"
6,"((7006,), 'Unconcious Kongwei')"
7,"((7007,), 'Unconcious QQ')"
8,"((7008,), '100 Encounters Achieved!')"
9,"((7009,), '250 Encounters Achieved!')"
10,"((7010,), 'Yay! 500 Encounters Achieved!')"
11,"((7011,), '750 Encounters Achieved!')"
12,"((7012,), 'Hooray! 1000 Encounters Achieved!')"
13,"((7013,), 'Combo Rookie')"
14,"((7014,), 'Combo Amateur')"
15,"((7015,), 'Combo Senior')"
16,"((7016,), 'Combo Expert')"
17,"((7017,), 'Combo Master')"
18,"((7018,), 'All Hands Aim to be the Strongest')"
19,"((7019,), 'Journey Towards Being the Strongest')"
20,"((7020,), 'Unseen Strongest Summit')"
21,"((7021,), 'Halfway Towards Being the Strongest')"
22,"((7022,), 'The Strongest Party')"
23,"((7023,), 'As It Is...')"
24,"((7024,), 'It’s Peaceful, But...')"
25,"((7025,), 'Getting Rusty')"
26,"((7026,), 'Insufficient Exercise')"
27,"((7027,), 'Becoming Dull')"
28,"((7028,), 'Boring Days')"
29,"((7029,), 'Tranquility')"
30,"((7030,), 'Tough, Praiseworthy, Cute')"
31,"((7031,), 'Hard to Move in...')"
32,"((7034,), 'The Dreaded Rabbit Ears')"
33,"((6000,), 'Last Supper')"
34,"((6004,), 'At Least this Time')"
35,"((6010,), 'Hotpot in a Hotplace')"
36,"((6013,), 'Cold ’n Cold')"
37,"((6009,), 'Where’d You Get That Water?')"
38,"((6011,), 'You Gotta Have Cold Stuff When It’s Hot')"
39,"((6012,), 'Cold ’n Hot')"
40,"((6017,), 'Weak against Spicy Food')"
41,"((6006,), 'A Meal with Sian')"
42,"((6064,), 'What Does Coda Hate?')"
43,"((6065,), 'Why Is Coda Not Fat?')"
44,"((6005,), 'Thoughtfulness')"
45,"((6029,), 'Ricardo’s Rice Balls')"
46,"((6035,), 'Ricardo’s Passion')"
47,"((6032,), 'Leftovers Is the Magic Word!')"
48,"((6066,), 'Smiling Omelette Rice')"
49,"((6054,), 'Whole Banana Curry')"
50,"((6020,), 'Superb Sandwich')"
51,"((6014,), '!?')"
52,"((6018,), 'Memories of Yakisoba Sandwich')"
53,"((6007,), 'Cheese Fondue')"
54,"((6027,), 'Stolen Meat')"
55,"((6063,), 'A Taste of the Pac-Man Bun')"
56,"((6030,), 'My Favorite Food is Seafood Pasta')"
57,"((6026,), 'An Adult’s Privilege')"
58,"((6051,), 'Happiness!')"
59,"((6062,), 'A Taste of Miso Mackerel Pasta')"
60,"((6019,), 'Why Salad?')"
61,"((6015,), 'This Isn’t Steak!')"
62,"((6042,), 'If It’s the Four of Us')"
63,"((6037,), 'All-You-Can-Eat Mushrooms?')"
64,"((6049,), 'When in Trouble, Help Each Other 1')"
65,"((6050,), 'When in Trouble, Help Each Other 2')"
66,"((6055,), 'Secret Vegetable Soup')"
67,"((6033,), 'Coming Out Even')"
68,"((6040,), 'Self-Service Yakitori')"
69,"((6038,), 'Which One Is Best?')"
70,"((6058,), 'Ricardo’s Hamburger')"
71,"((6021,), 'Cheery Illia')"
72,"((6057,), 'Wide Open!')"
73,"((6047,), 'Okonomiyaki and Bad Luck...')"
74,"((6008,), 'Struggle for Supremacy')"
75,"((6059,), 'A Taste of Whole Roast Chicken')"
76,"((6060,), 'Another Taste of Whole Roast Chicken')"
77,"((6043,), 'Healthy?')"
78,"((6048,), 'Smells Fishy')"
79,"((6041,), 'A Man’s Pride')"
80,"((6052,), 'What Is This?')"
81,"((6046,), 'Pudding a la Mode')"
82,"((6053,), 'Unsuitable Appearance')"
83,"((6056,), 'A Taste of Deep Fried Chocolate Banana')"
84,"((6028,), 'The Magical Power of Hot Chocolate')"
85,"((6036,), 'Delicate Flavor')"
86,"((6039,), 'There’s Nothing You Dislike?')"
87,"((6025,), 'Squeezed Pulps')"
88,"((6045,), 'Beware of Onions')"
89,"((6022,), 'Even If You’re Good at It')"
90,"((6023,), 'Refuse with All Your Might')"
91,"((6024,), 'Happy Vegetable Juice')"
92,"((6034,), 'Another Helping, Ange!')"
93,"((6067,), 'Food Art')"
94,"((6061,), 'A Taste of Cheese Soup')"
95,"((2000,), 'About the Deviant Reformation Act')"
96,"((2100,), 'About the Great Cielan')"
97,"((2101,), 'And the Church Is?')"
98,"((2001,), 'A Research Lab?')"
99,"((2030,), 'About the Muse Clan')"
100,"((2002,), 'The War against Garam')"
101,"((2004,), 'The Belforma Family')"
102,"((2003,), 'About ""The Fracture""')"
103,"((2005,), 'The Milda and Belformas')"
104,"((2102,), 'The Base')"
105,"((2103,), 'About the Space-Time Distortion')"
106,"((2006,), 'About Steam Engines')"
107,"((2104,), 'Kongwei’s Interest')"
108,"((2105,), 'Naohs’ Position')"
109,"((2106,), 'How I Met Kongwei')"
110,"((2009,), 'The Royal Capital’s Circumstances')"
111,"((2010,), 'About Regnum')"
112,"((2007,), 'About the Privy Council')"
113,"((2008,), 'About the Church')"
114,"((2026,), 'About Gun Laws')"
115,"((2011,), 'Ange’s Lecture')"
116,"((2107,), 'Spada’s Memories')"
117,"((2108,), 'Taciturn Kongwei')"
118,"((2109,), 'Just One or Two...')"
119,"((2012,), 'About Naohs')"
120,"((2013,), 'About the South-West')"
121,"((2014,), 'Ashihara is...?')"
122,"((2029,), 'About Evil Spirits')"
123,"((2110,), 'About Garam Harbor and the Mines')"
124,"((2015,), 'About Garam')"
125,"((2016,), 'About the Volcano')"
126,"((2111,), 'A Bad Relationship with Ricardo?')"
127,"((2112,), 'My Bellybutton Is Tingling')"
128,"((2115,), 'QQ’s Power')"
129,"((2114,), 'Meaning of ""Weird""')"
130,"((2113,), 'About the Gate')"
131,"((2138,), 'Self-Proclaimed Archaeologist (Translated)')"
132,"((2136,), 'Self-Proclaimed Archaeologist')"
133,"((2131,), 'QQ’s True Nature')"
134,"((2116,), 'QQ’s Curiosity')"
135,"((2117,), 'QQ and the Battleship')"
136,"((2137,), 'Isn’t That a Thief?')"
137,"((2017,), 'About Galpos')"
138,"((2118,), 'Illia’s Headaches')"
139,"((2119,), 'The Body of Happiness')"
140,"((2120,), 'Ange’s Principle')"
141,"((2018,), 'About Galpos’ Religion')"
142,"((2132,), 'Kongwei’s Knowledge')"
143,"((2019,), 'The Grigori and Gardle')"
144,"((2020,), 'About What’s Up Ahead')"
145,"((2121,), 'Illia’s Commitment')"
146,"((2022,), 'About Lemures Marsh')"
147,"((2122,), 'Sensus and Ratio')"
148,"((2021,), 'About the Battlefield')"
149,"((2123,), 'Asura’s Disobedience')"
150,"((2133,), 'Kongwei Is the Enemy')"
151,"((2023,), 'About Tenos')"
152,"((2124,), 'Ange the Glutton')"
153,"((2125,), 'What Is Albert Planning?')"
154,"((2127,), 'Southborn')"
155,"((2126,), 'A Really Happy QQ')"
156,"((2024,), 'About Ciela Castello')"
157,"((2027,), 'About the Airship')"
158,"((2128,), 'The Source of Illia’s Headaches')"
159,"((2129,), 'Moving Statues')"
160,"((2130,), 'Sania Village’s Illia')"
161,"((2028,), 'About the War')"
162,"((2025,), 'About the Tower of Dawn')"
163,"((2134,), 'The Soul’s Salvation')"
164,"((2135,), 'Unplanned Actions')"
165,"((3000,), 'Asura’s Swordsmanship')"
166,"((3001,), 'An Inquiry about the Outcome')"
167,"((3002,), 'Solitary Vritra')"
168,"((3003,), 'About Vulcan')"
169,"((3004,), 'Why Did Ciela Castello Remain?')"
170,"((3005,), 'The Giant’s Wish')"
171,"((3006,), 'About Cielo')"
172,"((3009,), 'What Happens to the Faith They Collected?')"
173,"((3007,), 'The Reaper: Warden of Souls')"
174,"((3008,), 'The Birth of a God')"
175,"((3010,), 'How Were Terrans Viewed As?')"
176,"((3011,), 'Fallen from Cielo')"
177,"((3012,), 'Why Were You Protecting the Genesis?')"
178,"((3013,), 'The Difference between Ratio and Sensus')"
179,"((3014,), 'Demon King')"
180,"((3015,), 'Asura’s Foster Parents')"
181,"((3016,), 'Relationship with Sakuya')"
182,"((3017,), 'Asura’s and Orifiel’s Alliance')"
183,"((3018,), 'Inanna and Illia')"
184,"((3019,), 'Durandal’s Departure')"
185,"((3020,), 'Durandal and Gaebolg')"
186,"((3021,), 'Durandal’s Creator')"
187,"((3022,), 'Durandal’s Betrayal')"
188,"((3023,), 'Orifiel’s Obligation')"
189,"((3024,), 'Orifiel’s Hesitation')"
190,"((3025,), 'Orifiel’s Fighting Style')"
191,"((3026,), 'Orifiel’s Wish')"
192,"((3027,), 'Orifiel and Cerberus')"
193,"((3028,), 'Hypnos’ Job')"
194,"((3029,), 'Hypnos and his Brother')"
195,"((3030,), 'Hypnos’ Wish')"
196,"((3031,), 'Vritra’s Origin')"
197,"((3032,), 'Vritra’s Distress')"
198,"((3033,), 'Vritra’s Motherly Love')"
199,"((3034,), 'Vritra and Asura')"
200,"((3035,), 'Vritra’s Reincarnation')"
201,"((3036,), 'Himmel Is?')"
202,"((3037,), 'Himmel, Cielo’s Light')"
203,"((3038,), 'Himmel’s Heart')"
204,"((3039,), 'Himmel’s Determination')"
205,"((3040,), 'Orifiel’s Scolding')"
206,"((3041,), 'Cerberus’ Solitude')"
207,"((3042,), 'Cerberus’ Memory')"
208,"((3043,), 'Cerberus and Vritra')"
209,"((3044,), 'Coda’s Past Life?')"
210,"((3045,), 'Sian and Matthues')"
211,"((3046,), 'About the Celestial Garden')"
212,"((3100,), 'Asura’s Love and Affection')"
213,"((3101,), 'Sakuya and Inanna')"
214,"((1250,), '*Sigh*')"
215,"((1001,), 'That Person Earlier')"
216,"((1002,), 'In Case of Emergencies')"
217,"((1003,), 'Is this Enough?')"
218,"((1251,), 'Nimmy')"
219,"((1252,), 'What’s this?')"
220,"((1004,), 'Mustard Service 1')"
221,"((1005,), 'Mustard Service 2')"
222,"((1253,), 'The Rumoured Deviant')"
223,"((1254,), 'The Way We Address Each Other')"
224,"((1255,), 'Grigoris Are Weird, Right?')"
225,"((1006,), 'Coda’s Worries')"
226,"((1256,), 'Comrade!')"
227,"((1257,), 'A Disturbing Atmosphere')"
228,"((1258,), 'Now Ain’t That a Nice Atmosphere?')"
229,"((1259,), 'War Is Scary')"
230,"((1260,), 'The Commander’s Scary')"
231,"((1261,), 'The Terror of the Battlefield')"
232,"((1262,), 'A Savory Spectacle')"
233,"((1263,), 'Chitose')"
234,"((1264,), 'Persuasiveness')"
235,"((1265,), 'Spada’s Laughter')"
236,"((1266,), 'A Fire?')"
237,"((1268,), 'Even When We Were Enemies in the Past...')"
238,"((1269,), 'You Sure Are Happy')"
239,"((1270,), 'It Sure Would Be Nice if Chitose Came Along')"
240,"((1271,), 'I Want to Go Home')"
241,"((1272,), 'Dejected Ruca')"
242,"((1273,), 'Arrival at Naohs')"
243,"((1274,), 'A Village Chief’s Daughter')"
244,"((1275,), 'The Five Pillars of Chivalry')"
245,"((1276,), 'Show Your Guts, Ruca')"
246,"((1277,), 'Spada Really Is...')"
247,"((1278,), 'What Kind of Person Is the Holy Maiden?')"
248,"((1279,), 'Unforgivable')"
249,"((1007,), 'The Reincarnators Within the Cylinders')"
250,"((1008,), 'Spada vs Robot')"
251,"((1280,), 'On the Run')"
252,"((1281,), 'What Was That Just Now?')"
253,"((1282,), 'Thank Garam')"
254,"((1283,), 'An Expensive Accessory')"
255,"((1284,), 'Mental Preparedness')"
256,"((1285,), 'Ricardo’s Self-introduction')"
257,"((1286,), 'Isn’t It a Breach of Contract?')"
258,"((1287,), 'About Ricardo')"
259,"((1267,), 'Did You Manage to Accomplish Your Job?')"
260,"((1288,), 'You Look Pale!')"
261,"((1289,), 'Headache-y Illia')"
262,"((1290,), 'You’ve Improved, Ruca')"
263,"((1291,), 'Illia')"
264,"((1292,), 'Regnum Delicacies')"
265,"((1009,), 'Ruca and the Industrial District')"
266,"((1293,), 'Kongwei’s Wish')"
267,"((1294,), 'Who’s That Kid?')"
268,"((1295,), 'Proper Introductions')"
269,"((1296,), 'So, What’s This Rat, Really?')"
270,"((1010,), 'A Drop of Water')"
271,"((1297,), 'What Does It Taste Like?')"
272,"((1298,), 'How Much Was the Mushroom?')"
273,"((1299,), 'Hermana’s Power')"
274,"((1300,), 'The Feeling of Being Hugged')"
275,"((1011,), 'Will It Be Alright to Continue Onward?')"
276,"((1301,), 'The Secret Basement')"
277,"((1303,), 'Technological Interests')"
278,"((1304,), 'Justifying a Power Nap')"
279,"((1305,), 'I Wonder What We’re Eating...')"
280,"((1306,), 'Oswald Is...? (1)')"
281,"((1307,), 'Voyage')"
282,"((1308,), 'What’s Ashihara’s Specialty?')"
283,"((1309,), 'Alone with Illia...')"
284,"((1310,), 'What Do I Do...')"
285,"((1311,), 'How Awkward...')"
286,"((1312,), 'Lock That Ruca Up!')"
287,"((1313,), 'What Happened, Exactly?')"
288,"((1314,), 'A Weird Way of Talking...?')"
289,"((1315,), 'The Contract’s Contents')"
290,"((1316,), 'Oversensitivity Regarding Chitose')"
291,"((1317,), 'King of Common People')"
292,"((1318,), 'Weak at Swimming?')"
293,"((1319,), 'Another Headache')"
294,"((1320,), 'Illia Will Betray Us?')"
295,"((1321,), 'A Manly Statement')"
296,"((1377,), 'About Chitose')"
297,"((1322,), 'The Delights of Traveling')"
298,"((1013,), 'Currently Cleaning')"
299,"((1323,), 'What Kind of Person Is Hasta?')"
300,"((1324,), 'Ricardo vs Hasta')"
301,"((1325,), 'Doesn’t Look Strong')"
302,"((1014,), 'Natural Stove')"
303,"((1326,), 'Isn’t Spada Kind of Acting Strange?')"
304,"((1327,), 'Determined to Diet')"
305,"((1328,), 'I’ve Been Thinking...')"
306,"((1329,), 'Spada’s Really Acting Strange')"
307,"((1330,), 'Heartless Ricardo')"
308,"((1331,), 'Temperamental Illia')"
309,"((1332,), 'Light Travels')"
310,"((1017,), 'That Pasta Fellow')"
311,"((1015,), 'Someone Who Doesn’t Eat')"
312,"((1016,), 'QQ’s Skill')"
313,"((1379,), 'Esoteric Enjoyments')"
314,"((1334,), 'Hot...')"
315,"((1375,), 'A Change of Clothes')"
316,"((1333,), 'Ange’s Worries')"
317,"((1018,), 'Dog Boy’s Deed')"
318,"((1019,), 'Mottled Mushroom')"
319,"((1335,), 'What a Weird Gramps')"
320,"((1336,), 'Dog Boy -> Sian')"
321,"((1020,), 'The Ideal Self')"
322,"((1337,), 'Was I Good?')"
323,"((1338,), 'Wretched Reincarnator')"
324,"((1339,), 'So that was Mattheus...')"
325,"((1340,), 'Ricardo, You Bastard!')"
326,"((1341,), 'Why did Ricardo...?')"
327,"((1342,), 'Gimme a Break from Imprisonment!')"
328,"((1343,), 'Comforting Ricardo')"
329,"((1378,), 'Oswald is...? (2)')"
330,"((1344,), 'The Marmut Accent')"
331,"((1346,), 'Moving Corpses')"
332,"((1022,), 'When Corpses Bite...')"
333,"((1347,), '*Grumble*')"
334,"((1348,), 'Ange’s Thoughts')"
335,"((1349,), 'Kind of Like a Reaper')"
336,"((1023,), 'QQ and War (1)')"
337,"((1024,), 'QQ and War (2)')"
338,"((1345,), 'Are you Tired, Hermie?')"
339,"((1350,), 'The Dangers of the Battlefield')"
340,"((1351,), 'Illia’s Acting Strange Again...')"
341,"((1352,), 'Ricardo of the Battlefield')"
342,"((1353,), 'Him Again...')"
343,"((1354,), 'Cold!')"
344,"((1355,), 'Albert is...?')"
345,"((1356,), 'Maybe I Eat Too Much?')"
346,"((1357,), 'Do You Have Any More Proverbs?')"
347,"((1030,), 'Smells Fishy')"
348,"((1358,), 'Ruins Expedition')"
349,"((1376,), 'Too Cold')"
350,"((1025,), 'Warm Me Up')"
351,"((1026,), 'Slippery and Slidey (1)')"
352,"((1027,), 'Slippery and Slidey (2)')"
353,"((1028,), 'Slippery and Slidey (3)')"
354,"((1359,), 'Isn’t Ange Acting a Bit Strange?')"
355,"((1360,), 'Sheesh, Ange!')"
356,"((1361,), 'That Albert...')"
357,"((1362,), 'Let’s Find Out His Real Intentions')"
358,"((1363,), 'What Do You Think of Albert?')"
359,"((1364,), 'Nervousness...')"
360,"((1029,), 'Warning for Sudden Winds')"
361,"((1365,), 'Don’t Ignore Me!')"
362,"((1384,), 'I’m Glad You’re Back (Translated)')"
363,"((1366,), 'I’m Glad You’re Back')"
364,"((1367,), 'Want to Try Hugging?')"
365,"((1368,), 'The Imperial Army’s Attitude')"
366,"((1369,), 'I’m Sick of this...')"
367,"((1370,), 'Excited Illia')"
368,"((1382,), 'Sian’s Situation')"
369,"((1383,), 'Cer’s and Berus’ Close Call')"
370,"((1371,), 'It Feels Uncomfortable...')"
371,"((1372,), 'About Hasta')"
372,"((1373,), 'Comforting Ricardo Once Again')"
373,"((1031,), 'Ricardo’s Resolution')"
374,"((1374,), 'All that’s Left is Mattheus!')"
375,"((4000,), 'Illia and I (1)')"
376,"((4001,), 'Illia and I (2)')"
377,"((4002,), 'Illia and I (3)')"
378,"((4003,), 'Illia and I (4)')"
379,"((4004,), 'Illia and I (5)')"
380,"((4005,), 'Illia and I (6)')"
381,"((4006,), 'Illia and I (7)')"
382,"((4007,), 'Illia and I (8)')"
383,"((4008,), 'Illia and I (9)')"
384,"((4009,), 'Illia and I (10)')"
385,"((4010,), 'Spada and I (1)')"
386,"((4011,), 'Spada and I (2)')"
387,"((4012,), 'Spada and I (3)')"
388,"((4013,), 'Spada and I (4)')"
389,"((4014,), 'Spada and I (5)')"
390,"((4015,), 'Spada and I (6)')"
391,"((4016,), 'Spada and I (7)')"
392,"((4017,), 'Spada and I (8)')"
393,"((4018,), 'Spada and I (9)')"
394,"((4019,), 'Spada and I (10)')"
395,"((4020,), 'Ange and I (1)')"
396,"((4021,), 'Ange and I (2)')"
397,"((4022,), 'Ange and I (3)')"
398,"((4023,), 'Ange and I (4)')"
399,"((4024,), 'Ange and I (5)')"
400,"((4025,), 'Ange and I (6)')"
401,"((4026,), 'Ange and I (7)')"
402,"((4027,), 'Ange and I (8)')"
403,"((4028,), 'Ange and I (9)')"
404,"((4029,), 'Ange and I (10)')"
405,"((4030,), 'Ricardo and I (1)')"
406,"((4031,), 'Ricardo and I (2)')"
407,"((4032,), 'Ricardo and I (3)')"
408,"((4033,), 'Ricardo and I (4)')"
409,"((4034,), 'Ricardo and I (5)')"
410,"((4035,), 'Ricardo and I (6)')"
411,"((4036,), 'Ricardo and I (7)')"
412,"((4037,), 'Ricardo and I (8)')"
413,"((4038,), 'Ricardo and I (9)')"
414,"((4039,), 'Ricardo and I (10)')"
415,"((4040,), 'Hermana and I (1)')"
416,"((4041,), 'Hermana and I (2)')"
417,"((4042,), 'Hermana and I (3)')"
418,"((4043,), 'Hermana and I (4)')"
419,"((4044,), 'Hermana and I (5)')"
420,"((4045,), 'Hermana and I (6)')"
421,"((4046,), 'Hermana and I (7)')"
422,"((4047,), 'Hermana and I (8)')"
423,"((4048,), 'Hermana and I (9)')"
424,"((4049,), 'Hermana and I (10)')"
425,"((4200,), 'Kongwei and I (1)')"
426,"((4201,), 'Kongwei and I (2)')"
427,"((4202,), 'Kongwei and I (3)')"
428,"((4203,), 'Kongwei and I (4)')"
429,"((4204,), 'Kongwei and I (5)')"
430,"((4205,), 'Kongwei and I (6)')"
431,"((4206,), 'Kongwei and I (7)')"
432,"((4207,), 'Kongwei and I (8)')"
433,"((4208,), 'Kongwei and I (9)')"
434,"((4209,), 'Kongwei and I (10)')"
435,"((4210,), 'QQ and I (1)')"
436,"((4211,), 'QQ and I (2)')"
437,"((4212,), 'QQ and I (3)')"
438,"((4213,), 'QQ and I (4)')"
439,"((4214,), 'QQ and I (5)')"
440,"((4215,), 'QQ and I (6)')"
441,"((4216,), 'QQ and I (7)')"
442,"((4217,), 'QQ and I (8)')"
443,"((4218,), 'QQ and I (9)')"
444,"((4219,), 'QQ and I (10)')"
445,"((4050,), 'Illia and Spada (1)')"
446,"((4051,), 'Illia and Spada (2)')"
447,"((4052,), 'Illia and Spada (3)')"
448,"((4053,), 'Illia and Ange (1)')"
449,"((4054,), 'Illia and Ange (2)')"
450,"((4055,), 'Illia and Ange (3)')"
451,"((4056,), 'Illia and Ricardo (1)')"
452,"((4057,), 'Illia and Ricardo (2)')"
453,"((4058,), 'Illia and Ricardo (3)')"
454,"((4059,), 'Illia and Hermana (1)')"
455,"((4060,), 'Illia and Hermana (2)')"
456,"((4061,), 'Illia and Hermana (3)')"
457,"((4062,), 'Spada and Ange (1)')"
458,"((4063,), 'Spada and Ange (2)')"
459,"((4064,), 'Spada and Ange (3)')"
460,"((4065,), 'Spada and Ricardo (1)')"
461,"((4066,), 'Spada and Ricardo (2)')"
462,"((4067,), 'Spada and Ricardo (3)')"
463,"((4068,), 'Spada and Hermana (1)')"
464,"((4069,), 'Spada and Hermana (2)')"
465,"((4070,), 'Spada and Hermana (3)')"
466,"((4071,), 'Ange and Ricardo (1)')"
467,"((4072,), 'Ange and Ricardo (2)')"
468,"((4073,), 'Ange and Ricardo (3)')"
469,"((4074,), 'Ange and Hermana (1)')"
470,"((4075,), 'Ange and Hermana (2)')"
471,"((4076,), 'Ange and Hermana (3)')"
472,"((4077,), 'Ricardo and Hermana (1)')"
473,"((4078,), 'Ricardo and Hermana (2)')"
474,"((4079,), 'Ricardo and Hermana (3)')"
475,"((4220,), 'Kongwei and Illia (1)')"
476,"((4221,), 'Kongwei and Illia (2)')"
477,"((4222,), 'Kongwei and Illia (3)')"
478,"((4223,), 'Kongwei and Spada (1)')"
479,"((4224,), 'Kongwei and Spada (2)')"
480,"((4225,), 'Kongwei and Spada (3)')"
481,"((4226,), 'Kongwei and Ange (1)')"
482,"((4227,), 'Kongwei and Ange (2)')"
483,"((4228,), 'Kongwei and Ange (3)')"
484,"((4229,), 'Kongwei and Ricardo (1)')"
485,"((4230,), 'Kongwei and Ricardo (2)')"
486,"((4231,), 'Kongwei and Ricardo (3)')"
487,"((4232,), 'Kongwei and Hermana (1)')"
488,"((4233,), 'Kongwei and Hermana (2)')"
489,"((4234,), 'Kongwei and Hermana (3)')"
490,"((4235,), 'Kongwei and QQ (1)')"
491,"((4236,), 'Kongwei and QQ (2)')"
492,"((4237,), 'Kongwei and QQ (3)')"
493,"((4238,), 'QQ and Illia (1)')"
494,"((4239,), 'QQ and Illia (2)')"
495,"((4240,), 'QQ and Illia (3)')"
496,"((4241,), 'QQ and Spada (1)')"
497,"((4242,), 'QQ and Spada (2)')"
498,"((4243,), 'QQ and Spada (3)')"
499,"((4244,), 'QQ and Ange (1)')"
500,"((4245,), 'QQ and Ange (2)')"
501,"((4246,), 'QQ and Ange (3)')"
502,"((4247,), 'QQ and Ricardo (1)')"
503,"((4248,), 'QQ and Ricardo (2)')"
504,"((4249,), 'QQ and Ricardo (3)')"
505,"((4250,), 'QQ and Hermana (1)')"
506,"((4251,), 'QQ and Hermana (2)')"
507,"((4252,), 'QQ and Hermana (3)')"
508,"((4080,), 'Illia, Spada, and I')"
509,"((4081,), 'Illia, Ange, and I')"
510,"((4082,), 'Spada, Ange, and I')"
511,"((4083,), 'Spada, Ricardo, and I (1)')"
512,"((4096,), 'Spada, Ricardo, and I (2)')"
513,"((4084,), 'Ange, Ricardo, and I')"
514,"((4085,), 'Ange, Hermana, and I (1)')"
515,"((4091,), 'Ange, Hermana, and I (2)')"
516,"((4086,), 'Ricardo, Hermana and I')"
517,"((4253,), 'Me, Kongwei, and QQ')"
518,"((4090,), 'Illia, Hermana, and I')"
519,"((4087,), 'Illia, Ange, and Hermana (1)')"
520,"((4097,), 'Illia, Ange, and Hermana (2)')"
521,"((4092,), 'Illia, Ange, and Ricardo')"
522,"((4254,), 'Illia, Conway, and QQ')"
523,"((4088,), 'Spada, Ricardo, and Hermana')"
524,"((4255,), 'Spada, Kongwei, and QQ')"
525,"((4093,), 'Spada, Ange, and Hermana')"
526,"((4089,), 'Ange, Ricardo, and Hermana')"
527,"((4256,), 'Ange, Kongwei, and QQ')"
528,"((4257,), 'Ricardo, Kongwei, and QQ')"
529,"((4258,), 'Hermana, Kongwei, and QQ')"
530,"((4094,), 'Everyone’s Getting Along?')"
531,"((4095,), 'Back on Topic')"
532,"((4098,), 'Everyone’s Getting Along??')"
533,"((4099,), 'Everyone’s Getting Along... Right? (1)')"
534,"((4100,), 'Everyone’s Getting Along... Right? (2)')"
535,"((4101,), 'Everyone’s Probably Getting Along (1)')"
536,"((4102,), 'Everyone’s Probably Getting Along (2)')"
537,"((4103,), 'Everyone’s Getting Along-ish (1)')"
538,"((4104,), 'Everyone’s Getting Along-ish (2)')"
539,"((4105,), 'Everyone’s Quite Getting Along (1)')"
540,"((4106,), 'Everyone’s Quite Getting Along (2)')"
541,"((4107,), 'Everyone’s Getting Along!')"
542,"((5000,), 'First Time in an Inn')"
543,"((5001,), 'Only One Bed')"
544,"((5002,), 'And the Room Next Door...?')"
545,"((5003,), 'Waking Illia Up')"
546,"((5005,), 'Nighttime Chat')"
547,"((5006,), 'Let’s Pillow Fight!')"
548,"((5007,), 'Oversleeping')"
549,"((5019,), 'Savory Sleeptalking')"
550,"((5008,), 'Let’s Doodle!')"
551,"((5009,), 'Just Another Match')"
552,"((5010,), 'Royal Suite Room')"
553,"((5011,), 'A Passing Rat')"
554,"((5014,), 'It’s a Bit Embarrassing Though...')"
555,"((5027,), 'A Futonic Disaster')"
556,"((5028,), 'Fish Caught in the Net')"
557,"((5032,), 'Early Bird')"
558,"((5035,), 'She’s Here!')"
559,"((5075,), 'Hartman and the Hot Springs')"
560,"((5038,), 'Mixed-Bath Time (1)')"
561,"((5039,), 'Mixed-Bath Time (2)')"
562,"((5040,), 'Mixed-Bath Time (3)')"
563,"((5041,), 'Mixed-Bath Time (4)')"
564,"((5042,), 'Because I’m a Mercenary')"
565,"((5077,), 'Kongwei and the Hot Springs')"
566,"((5048,), 'Hammock (1)')"
567,"((5049,), 'Hammock (2)')"
568,"((5056,), 'A Morning in the Merchant Town')"
569,"((5057,), 'Morning Market Battlefield')"
570,"((5058,), 'An Anxious Night')"
571,"((5063,), 'Snowball Fight')"
572,"((5059,), 'Igloo (1)')"
573,"((5060,), 'Igloo (2)')"
574,"((5061,), 'Footprints')"
575,"((5066,), 'A Sliver of Happiness')"
576,"((5073,), 'What’s Beyond That Door?')"
577,"((5076,), 'A Well-off  Young Master')"
578,"((5015,), 'Where’s Spada?')"
579,"((5016,), 'Ricardo, Quietly Polishing His Gun')"
580,"((5012,), 'Walking on Tiptoes (1)')"
581,"((5021,), 'Walking on Tiptoes (2)')"
582,"((5029,), 'Walking on Tiptoes (3)')"
583,"((5031,), 'Walking on Tiptoes (4)')"
584,"((5020,), 'Respite after a Nightmare')"
585,"((5018,), 'Sneakily')"
586,"((5022,), 'Trap')"
587,"((5023,), 'The Fu-gone Futon')"
588,"((5024,), 'Privilege of a Sick Person')"
589,"((5025,), 'Half-Awake')"
590,"((5026,), 'Who are You Talking to?')"
591,"((5030,), 'Experimenting on a New Arte')"
592,"((5033,), 'Forehead Scar (1)')"
593,"((5034,), 'Forehead Scar (2)')"
594,"((5036,), '*Thump*!? Illia’s...')"
595,"((5037,), 'Frilly Pink')"
596,"((5043,), 'Anxiety about Large Rooms')"
597,"((5050,), 'Mystery of the Small Flower')"
598,"((5017,), 'Nighttime Escapades')"
599,"((5055,), 'Today’s Dinner')"
600,"((239,), 'Those White Clothes Are...')"
601,"((5067,), 'Wavering Ange')"
602,"((5079,), 'A Conversation about the Past')"
603,"((5004,), 'Unexpectedly Strong')"
604,"((5093,), 'I Wonder What That Was About?')"
605,"((5088,), 'Moderately Rich')"
606,"((5089,), 'Very Rich')"
607,"((5090,), 'Extremely Rich')"
608,"((5091,), 'Tremendously Rich')"
609,"((5080,), 'Professor Ruca')"
610,"((5081,), 'What’s 1 + 1?')"
611,"((5082,), 'Illia Stingy')"
612,"((5083,), 'Spada’s Family')"
613,"((5084,), 'Hasta’s Love')"
614,"((5085,), 'Kind Child')"
615,"((5086,), 'I’m Sorry~!')"
616,"((5087,), 'Dropped Eyebrows')"
617,"((5074,), 'I Hate Tomatoes')"
618,"((5044,), 'Food from around the world')"
619,"((5045,), 'Ange’s Hug')"
620,"((5051,), 'Where are the Hot Women in Swimsuits?')"
621,"((5046,), 'QQ Studying')"
622,"((5047,), 'Personification of Greed')"
623,"((5092,), 'A Petty Revenge')"
624,"((5053,), 'Aren’t you heavy?')"
625,"((5054,), 'QQ’s Worries')"
626,"((5052,), 'Stingy?')"
627,"((5094,), 'Coda and Dessert')"
628,"((5095,), 'Coda and Bread')"
629,"((5096,), 'Coda and Rice')"
630,"((5097,), 'Coda and Fish')"
631,"((5098,), 'Coda and Meat')"
632,"((5099,), 'Coda and Soup')"
633,"((5102,), 'Coda and Pasta (Translated)')"
634,"((5100,), 'Coda and Pasta')"
635,"((5101,), 'Coda and Vegetables')"
636,"((5062,), 'What is this White Thing?')"
637,"((5064,), 'Shouting is Prohibited')"
638,"((5065,), 'Quiet Coda')"
639,"((5068,), 'Airship Travel')"
640,"((5070,), 'Don’t Underestimate')"
641,"((5072,), 'Albert and Ricardo')"
642,"((5078,), 'Acrobatic Flying')"
643,"((8000,), 'To Fluffy Forest')"
644,"((8001,), 'Fluffy Forest is at...')"
645,"((8002,), 'Before We Leave Town')"
646,"((8003,), 'The Rumored Saintess')"
647,"((8014,), 'Over There?')"
648,"((8005,), 'Let’s Go Visit Hartman')"
649,"((8012,), 'Hiding Places')"
650,"((8013,), 'Where’s the Mansion?')"
651,"((8006,), 'Let’s Look for the Town Elder')"
652,"((8007,), 'Let’s Go Report')"
653,"((8008,), 'After Them!')"
654,"((8009,), 'To the Arsenal!')"
655,"((8010,), 'Let’s Return Back to the Entrance')"
656,"((8011,), 'Tired from Walking')"
657,"((132,), 'Let’s Talk to the Grigori')"
658,"((0,), 'なし')"
659,"((1,), 'なし')"
660,"((2,), 'なし')"
661,"((3,), 'なし')"
662,"((4,), 'なし')"
663,"((5,), 'なし')"
664,"((6,), 'なし')"
665,"((7,), 'なし')"
666,"((8,), 'なし')"
667,"((9,), 'なし')"
668,"((10,), 'なし')"
669,"((11,), 'なし')"
670,"((12,), 'なし')"
671,"((13,), 'なし')"
672,"((89,), 'なし')"
673,"((14,), 'なし')"
674,"((15,), 'なし')"
675,"((16,), 'なし')"
676,"((17,), 'なし')"
677,"((18,), 'なし')"
678,"((19,), 'なし')"
679,"((20,), 'なし')"
680,"((21,), 'なし')"
681,"((22,), 'なし')"
682,"((23,), 'なし')"
683,"((24,), 'なし')"
684,"((25,), 'なし')"
685,"((26,), 'なし')"
686,"((27,), 'なし')"
687,"((28,), 'なし')"
688,"((29,), 'なし')"
689,"((30,), 'なし')"
690,"((91,), 'なし')"
691,"((31,), 'なし')"
692,"((32,), 'なし')"
693,"((33,), 'なし')"
694,"((34,), 'なし')"
695,"((35,), 'なし')"
696,"((36,), 'なし')"
697,"((37,), 'なし')"
698,"((38,), 'なし')"
699,"((39,), 'なし')"
700,"((40,), 'なし')"
701,"((41,), 'なし')"
702,"((42,), 'なし')"
703,"((43,), 'なし')"
704,"((44,), 'なし')"
705,"((45,), 'なし')"
706,"((46,), 'なし')"
707,"((47,), 'なし')"
708,"((48,), 'なし')"
709,"((95,), 'なし')"
710,"((49,), 'なし')"
711,"((92,), 'なし')"
712,"((50,), 'なし')"
713,"((51,), 'なし')"
714,"((93,), 'なし')"
715,"((52,), 'なし')"
716,"((96,), 'なし')"
717,"((53,), 'なし')"
718,"((54,), 'なし')"
719,"((55,), 'なし')"
720,"((56,), 'なし')"
721,"((57,), 'なし')"
722,"((58,), 'なし')"
723,"((59,), 'なし')"
724,"((60,), 'なし')"
725,"((61,), 'なし')"
726,"((62,), 'なし')"
727,"((63,), 'なし')"
728,"((90,), 'なし')"
729,"((64,), 'なし')"
730,"((65,), 'なし')"
731,"((66,), 'なし')"
732,"((67,), 'なし')"
733,"((68,), 'なし')"
734,"((69,), 'なし')"
735,"((70,), 'なし')"
736,"((94,), 'なし')"
737,"((71,), 'なし')"
738,"((72,), 'なし')"
739,"((73,), 'なし')"
740,"((74,), 'なし')"
741,"((75,), 'なし')"
742,"((76,), 'なし')"
743,"((77,), 'なし')"
744,"((78,), 'なし')"
745,"((79,), 'なし')"
746,"((80,), 'なし')"
747,"((81,), 'なし')"
748,"((82,), 'なし')"
749,"((83,), 'なし')"
750,"((84,), 'なし')"
751,"((85,), 'なし')"
752,"((86,), 'なし')"
753,"((87,), 'なし')"
754,"((88,), 'なし')"
755,"((100,), 'なし')"
756,"((101,), 'なし')"
757,"((105,), 'なし')"
758,"((106,), 'なし')"
759,"((107,), 'なし')"
760,"((108,), 'なし')"
761,"((109,), 'なし')"
762,"((500,), 'なし')"
763,"((501,), 'なし')"
764,"((502,), 'なし')"
765,"((503,), 'なし')"
766,"((504,), 'なし')"
767,"((505,), 'なし')"
768,"((506,), 'なし')"
769,"((507,), 'なし')"
770,"((120,), 'なし')"
771,"((121,), 'なし')"
772,"((122,), 'なし')"
773,"((27,), 'なし')"
774,"((28,), 'なし')"
775,"((124,), 'なし')"
776,"((125,), 'なし')"
777,"((126,), 'なし')"
778,"((127,), 'なし')"
779,"((148,), 'なし')"
780,"((128,), 'なし')"
781,"((129,), 'なし')"
782,"((130,), 'なし')"
783,"((131,), 'なし')"
784,"((140,), 'なし')"
785,"((132,), 'なし')"
786,"((151,), 'なし')"
787,"((133,), 'なし')"
788,"((141,), 'なし')"
789,"((134,), 'なし')"
790,"((135,), 'なし')"
791,"((136,), 'なし')"
792,"((142,), 'なし')"
793,"((137,), 'なし')"
794,"((138,), 'なし')"
795,"((1302,), 'なし')"
796,"((152,), 'なし')"
797,"((153,), 'なし')"
798,"((155,), 'なし')"
799,"((143,), 'なし')"
800,"((144,), 'なし')"
801,"((145,), 'なし')"
802,"((146,), 'なし')"
803,"((147,), 'なし')"
804,"((149,), 'なし')"
805,"((150,), 'なし')"
806,"((154,), 'なし')"
807,"((156,), 'なし')"
808,"((157,), 'なし')"
809,"((158,), 'なし')"
810,"((159,), 'なし')"
811,"((160,), 'なし')"
812,"((161,), 'なし')"
813,"((162,), 'なし')"
814,"((163,), 'なし')"
815,"((164,), 'なし')"
816,"((165,), 'なし')"
817,"((166,), 'なし')"
818,"((167,), 'なし')"
819,"((168,), 'なし')"
820,"((169,), 'なし')"
821,"((170,), 'なし')"
822,"((200,), 'なし')"
823,"((201,), 'なし')"
824,"((202,), 'なし')"
825,"((203,), 'なし')"
826,"((204,), 'なし')"
827,"((205,), 'なし')"
828,"((344,), 'なし')"
829,"((206,), 'なし')"
830,"((207,), 'なし')"
831,"((208,), 'なし')"
832,"((209,), 'なし')"
833,"((211,), 'なし')"
834,"((212,), 'なし')"
835,"((213,), 'なし')"
836,"((214,), 'なし')"
837,"((355,), 'なし')"
838,"((215,), 'なし')"
839,"((216,), 'なし')"
840,"((217,), 'なし')"
841,"((218,), 'なし')"
842,"((219,), 'なし')"
843,"((220,), 'なし')"
844,"((221,), 'なし')"
845,"((222,), 'なし')"
846,"((223,), 'なし')"
847,"((224,), 'なし')"
848,"((225,), 'なし')"
849,"((226,), 'なし')"
850,"((227,), 'なし')"
851,"((228,), 'なし')"
852,"((229,), 'なし')"
853,"((230,), 'なし')"
854,"((231,), 'なし')"
855,"((232,), 'なし')"
856,"((233,), 'なし')"
857,"((234,), 'なし')"
858,"((235,), 'なし')"
859,"((236,), 'なし')"
860,"((237,), 'なし')"
861,"((238,), 'なし')"
862,"((239,), 'なし')"
863,"((240,), 'なし')"
864,"((241,), 'なし')"
865,"((242,), 'なし')"
866,"((243,), 'なし')"
867,"((244,), 'なし')"
868,"((245,), 'なし')"
869,"((246,), 'なし')"
870,"((247,), 'なし')"
871,"((248,), 'なし')"
872,"((249,), 'なし')"
873,"((250,), 'なし')"
874,"((340,), 'なし')"
875,"((345,), 'なし')"
876,"((346,), 'なし')"
877,"((251,), 'なし')"
878,"((252,), 'なし')"
879,"((253,), 'なし')"
880,"((254,), 'なし')"
881,"((255,), 'なし')"
882,"((347,), 'なし')"
883,"((256,), 'なし')"
884,"((257,), 'なし')"
885,"((258,), 'なし')"
886,"((259,), 'なし')"
887,"((260,), 'なし')"
888,"((261,), 'なし')"
889,"((262,), 'なし')"
890,"((263,), 'なし')"
891,"((264,), 'なし')"
892,"((265,), 'なし')"
893,"((266,), 'なし')"
894,"((267,), 'なし')"
895,"((268,), 'なし')"
896,"((269,), 'なし')"
897,"((270,), 'なし')"
898,"((271,), 'なし')"
899,"((272,), 'なし')"
900,"((273,), 'なし')"
901,"((274,), 'なし')"
902,"((275,), 'なし')"
903,"((276,), 'なし')"
904,"((349,), 'なし')"
905,"((350,), 'なし')"
906,"((277,), 'なし')"
907,"((278,), 'なし')"
908,"((279,), 'なし')"
909,"((280,), 'なし')"
910,"((348,), 'なし')"
911,"((281,), 'なし')"
912,"((282,), 'なし')"
913,"((283,), 'なし')"
914,"((284,), 'なし')"
915,"((285,), 'なし')"
916,"((286,), 'なし')"
917,"((287,), 'なし')"
918,"((288,), 'なし')"
919,"((289,), 'なし')"
920,"((290,), 'なし')"
921,"((291,), 'なし')"
922,"((292,), 'なし')"
923,"((293,), 'なし')"
924,"((294,), 'なし')"
925,"((295,), 'なし')"
926,"((296,), 'なし')"
927,"((297,), 'なし')"
928,"((298,), 'なし')"
929,"((299,), 'なし')"
930,"((300,), 'なし')"
931,"((301,), 'なし')"
932,"((302,), 'なし')"
933,"((303,), 'なし')"
934,"((304,), 'なし')"
935,"((305,), 'なし')"
936,"((306,), 'なし')"
937,"((307,), 'なし')"
938,"((308,), 'なし')"
939,"((309,), 'なし')"
940,"((310,), 'なし')"
941,"((311,), 'なし')"
942,"((312,), 'なし')"
943,"((313,), 'なし')"
944,"((314,), 'なし')"
945,"((315,), 'なし')"
946,"((316,), 'なし')"
947,"((317,), 'なし')"
948,"((318,), 'なし')"
949,"((319,), 'なし')"
950,"((320,), 'なし')"
951,"((321,), 'なし')"
952,"((357,), 'なし')"
953,"((322,), 'なし')"
954,"((323,), 'なし')"
955,"((324,), 'なし')"
956,"((325,), 'なし')"
957,"((326,), 'なし')"
958,"((327,), 'なし')"
959,"((328,), 'なし')"
960,"((329,), 'なし')"
961,"((330,), 'なし')"
962,"((331,), 'なし')"
963,"((332,), 'なし')"
964,"((333,), 'なし')"
965,"((334,), 'なし')"
966,"((335,), 'なし')"
967,"((336,), 'なし')"
968,"((337,), 'なし')"
969,"((338,), 'なし')"
970,"((339,), 'なし')"
971,"((341,), 'なし')"
972,"((342,), 'なし')"
973,"((343,), 'なし')"
974,"((351,), 'なし')"
975,"((352,), 'なし')"
976,"((353,), 'なし')"
977,"((354,), 'なし')"
978,"((356,), 'なし')"
979,"((358,), 'なし')"
980,"((359,), 'なし')"
